cell_id,GN,area_m2,boundary_segment_count,boundary_segment_ids
MC0001,Mount Lavinia,103116.26,19,S0001|S0032|S0033|S0034|S0035|S0043|S0044|S0045|S0046|S0047|S0061|S0086|S0164|S0165|S0199|S0202|S0225|S0226|S0229
MC0002,Mount Lavinia,40362.91,11,S0003|S0009|S0010|S0011|S0012|S0122|S0124|S0126|S0158|S0159|S0197
MC0003,Mount Lavinia,39914.5,8,S0004|S0005|S0012|S0014|S0015|S0016|S0158|S0159
MC0004,Mount Lavinia,34512.96,13,S0072|S0073|S0074|S0075|S0076|S0077|S0078|S0099|S0135|S0144|S0145|S0204|S0210
MC0005,Mount Lavinia,26808.25,11,S0008|S0009|S0010|S0011|S0014|S0105|S0106|S0107|S0108|S0109|S0150
MC0006,Mount Lavinia,26331.01,7,S0007|S0008|S0081|S0123|S0124|S0161|S0162
MC0007,Mount Lavinia,24766.7,7,S0002|S0003|S0004|S0055|S0056|S0057|S0202
MC0008,Mount Lavinia,20116.68,7,S0029|S0030|S0031|S0052|S0164|S0165|S0226
MC0009,Mount Lavinia,20065.42,13,S0068|S0069|S0096|S0097|S0098|S0141|S0142|S0145|S0212|S0213|S0216|S0217|S0218
MC0010,Mount Lavinia,15211.45,7,S0077|S0078|S0100|S0101|S0130|S0147|S0148
MC0011,Mount Lavinia,12081.26,6,S0070|S0071|S0095|S0216|S0217|S0218
MC0012,Mount Lavinia,12064.21,5,S0001|S0002|S0122|S0197|S0198
MC0013,Mount Lavinia,11176.77,8,S0064|S0065|S0066|S0067|S0068|S0152|S0154|S0176
MC0014,Mount Lavinia,9103.14,5,S0049|S0050|S0123|S0126|S0198
MC0015,Mount Lavinia,8716.14,5,S0034|S0035|S0059|S0194|S0243
MC0016,Mount Lavinia,8529.63,4,S0019|S0042|S0052|S0225
MC0017,Mount Lavinia,7764.4,6,S0136|S0137|S0142|S0144|S0177|S0178
MC0018,Mount Lavinia,6224.78,5,S0135|S0136|S0188|S0206|S0210
MC0019,Mount Lavinia,4013.2,5,S0133|S0141|S0178|S0211|S0213
MC0020,Mount Lavinia,2311.27,5,S0137|S0138|S0188|S0205|S0207
MC0021,Mount Lavinia,1549.88,4,S0128|S0133|S0138|S0177
MC0022,Kawdana West,54680.56,11,S0270|S0271|S0273|S0274|S0275|S0276|S0277|S0292|S0293|S0294|S0295
MC0023,Kawdana West,30738.21,10,S0274|S0275|S0276|S0277|S0291|S0326|S0327|S0328|S0329|S0330
MC0024,Kawdana West,24464.52,13,S0280|S0281|S0282|S0283|S0317|S0319|S0327|S0328|S0359|S0360|S0361|S0385|S0387
MC0025,Kawdana West,12476.31,4,S0278|S0279|S0319|S0326
MC0026,Kawdana West,269.5,4,S0297|S0411|S0422|S0423
MC0027,Watarappala,49585.31,17,S0456|S0457|S0458|S0461|S0462|S0463|S0464|S0465|S0476|S0477|S0478|S0479|S0480|S0481|S0482|S0508|S0576
MC0028,Watarappala,34643.23,14,S0432|S0433|S0434|S0435|S0436|S0437|S0438|S0439|S0454|S0455|S0461|S0462|S0463|S0464
MC0029,Watarappala,32343.18,15,S0479|S0480|S0490|S0491|S0492|S0500|S0501|S0521|S0523|S0524|S0566|S0567|S0578|S0579|S0580
MC0030,Watarappala,25776.17,10,S0433|S0434|S0435|S0436|S0444|S0449|S0469|S0470|S0517|S0585
MC0031,Watarappala,10961.63,8,S0477|S0478|S0542|S0543|S0577|S0578|S0579|S0580
MC0032,Watarappala,9433.42,7,S0445|S0446|S0447|S0448|S0450|S0517|S0585
MC0033,Watarappala,4955.41,5,S0499|S0521|S0574|S0575|S0577
MC0034,Watarappala,2428.07,4,S0487|S0488|S0502|S0558
MC0035,Wathumulla,48930.73,10,S0626|S0644|S0645|S0646|S0647|S0648|S0653|S0654|S0665|S0666
MC0036,Wathumulla,39528.62,7,S0627|S0628|S0629|S0634|S0635|S0666|S0699
MC0037,Wathumulla,37917.93,7,S0679|S0682|S0683|S0684|S0693|S0694|S0731
MC0038,Wathumulla,24314.47,9,S0635|S0636|S0637|S0638|S0639|S0664|S0665|S0724|S0725
MC0039,Wathumulla,20719.86,7,S0634|S0638|S0639|S0688|S0696|S0697|S0698
MC0040,Wathumulla,17642.02,7,S0632|S0644|S0645|S0650|S0651|S0652|S0726
MC0041,Wathumulla,12977.07,6,S0680|S0681|S0682|S0683|S0695|S0696
MC0042,Wathumulla,8869.44,6,S0637|S0668|S0669|S0688|S0694|S0695
MC0043,Wathumulla,5802.47,5,S0640|S0723|S0724|S0727|S0728
MC0044,Wathumulla,4976.2,4,S0636|S0667|S0668|S0723
MC0045,Wedikanda,18455.7,8,S0807|S0863|S0864|S0865|S0917|S0918|S0919|S0923
MC0046,Wedikanda,13165.06,11,S0809|S0810|S0811|S0812|S0838|S0839|S0868|S0873|S0877|S0878|S0879
MC0047,Wedikanda,9439.44,5,S0872|S0914|S0915|S0916|S0919
MC0048,Wedikanda,4354.67,5,S0865|S0901|S0912|S0926|S0937
MC0049,Wedikanda,3975.92,5,S0781|S0797|S0798|S0859|S0958
MC0050,Wedikanda,2564.69,4,S0813|S0837|S0868|S0873
MC0051,Wedikanda,1211.6,3,S0778|S0962|S0963
MC0052,Wedikanda,4294.13,5,S0840|S0877|S0880|S0921|S0922
